{
    "locations": {
        "z": -1.386496e03,
        "lsm": 0.000000e00,
        "slt": 0.000000e00,
        "10u": -0.20636023581027985,
        "10v": -0.315402626991272,
        "2t": 276.9142761230469,
        "msl": 101058.4609375,
        "sea_ice_cover": NaN,
        "sea_surface_t": NaN,
        "surface_pressure": 96787.8125,
        "toa_incident_solar_radiation": 1175836.25,
        "total_cloud_cover": 0.6525598764419556,
        "total_column_water_vapour": 17.113920211791992,
        "total_precipitation": 9.249788854504004e-05,
        "z_1": 465888.78125,
        "z_2": 413672.71875,
        "z_3": 383859.71875,
        "z_5": 347686.375,
        "z_7": 324687.96875,
        "z_10": 300967.1875,
        "z_20": 256228.8125,
        "z_30": 230710.671875,
        "z_50": 199130.171875,
        "z_70": 178697.546875,
        "z_100": 157326.234375,
        "z_125": 143885.25,
        "z_150": 132776.5,
        "z_175": 123281.5,
        "z_200": 114973.7890625,
        "z_225": 107575.2890625,
        "z_250": 100890.3046875,
        "z_300": 89112.53125,
        "z_350": 78872.3828125,
        "z_400": 69749.7578125,
        "z_450": 61499.97265625,
        "z_500": 53959.046875,
        "z_550": 47007.79296875,
        "z_600": 40556.97265625,
        "z_650": 34535.35546875,
        "z_700": 28884.8203125,
        "z_750": 23561.966796875,
        "z_775": 21012.3515625,
        "z_800": 18532.009765625,
        "z_825": 16117.70703125,
        "z_850": 13766.5849609375,
        "z_875": 11475.6552734375,
        "z_900": 9241.8759765625,
        "z_925": 7062.19677734375,
        "z_950": 4933.43017578125,
        "z_975": 2852.712890625,
        "z_1000": 817.6251831054688,
        "q_1": 3.858524905808736e-06,
        "q_2": 3.692380914799287e-06,
        "q_3": 3.5947894048149465e-06,
        "q_5": 3.4901270282716723e-06,
        "q_7": 3.4140721254516393e-06,
        "q_10": 3.307289034637506e-06,
        "q_20": 3.0936955681681866e-06,
        "q_30": 3.0011660783202387e-06,
        "q_50": 2.941481398011092e-06,
        "q_70": 2.7789474188466556e-06,
        "q_100": 2.5823408122960245e-06,
        "q_125": 3.177343387505971e-06,
        "q_150": 5.085264547233237e-06,
        "q_175": 9.71071858657524e-06,
        "q_200": 1.8693126548896544e-05,
        "q_225": 3.3167481888085604e-05,
        "q_250": 5.417802094598301e-05,
        "q_300": 0.00012413498188834637,
        "q_350": 0.0002335494355065748,
        "q_400": 0.00038306310307234526,
        "q_450": 0.000571142416447401,
        "q_500": 0.0008179789292626083,
        "q_550": 0.0011076637310907245,
        "q_600": 0.0014243741752579808,
        "q_650": 0.0017718601739034057,
        "q_700": 0.0021932206582278013,
        "q_750": 0.002742670476436615,
        "q_775": 0.0030606884974986315,
        "q_800": 0.0034033090341836214,
        "q_825": 0.00379548710770905,
        "q_850": 0.004248186480253935,
        "q_875": 0.004725549835711718,
        "q_900": 0.005207308568060398,
        "q_925": 0.00570237310603261,
        "q_950": 0.006172806490212679,
        "q_975": 0.006456179078668356,
        "q_1000": 0.0066066947765648365,
        "t_1": 262.8691711425781,
        "t_2": 259.6915283203125,
        "t_3": 252.1363525390625,
        "t_5": 241.4612274169922,
        "t_7": 234.7667999267578,
        "t_10": 228.890625,
        "t_20": 221.1671142578125,
        "t_30": 217.4395294189453,
        "t_50": 213.2465362548828,
        "t_70": 209.7501678466797,
        "t_100": 208.8216552734375,
        "t_125": 211.0626678466797,
        "t_150": 213.4683380126953,
        "t_175": 215.707763671875,
        "t_200": 217.78846740722656,
        "t_225": 219.9145050048828,
        "t_250": 222.2991180419922,
        "t_300": 228.1501007080078,
        "t_350": 234.81004333496094,
        "t_400": 241.1156005859375,
        "t_450": 246.72735595703125,
        "t_500": 251.70074462890625,
        "t_550": 256.1072998046875,
        "t_600": 259.9913635253906,
        "t_650": 263.53570556640625,
        "t_700": 266.7019958496094,
        "t_750": 269.4854736328125,
        "t_775": 270.7463073730469,
        "t_800": 271.9129638671875,
        "t_825": 272.9422607421875,
        "t_850": 273.8558349609375,
        "t_875": 274.7197265625,
        "t_900": 275.5630798339844,
        "t_925": 276.4327697753906,
        "t_950": 277.3702087402344,
        "t_975": 278.42877197265625,
        "t_1000": 279.64739990234375,
        "u_1": -13.170665740966797,
        "u_2": -7.16115140914917,
        "u_3": -2.7287845611572266,
        "u_5": 1.451340675354004,
        "u_7": 3.1387760639190674,
        "u_10": 3.3709352016448975,
        "u_20": -0.7013350129127502,
        "u_30": 0.5962982773780823,
        "u_50": 5.152890682220459,
        "u_70": 7.673748016357422,
        "u_100": 11.323161125183105,
        "u_125": 13.634108543395996,
        "u_150": 15.154181480407715,
        "u_175": 15.590347290039062,
        "u_200": 15.591635704040527,
        "u_225": 15.212618827819824,
        "u_250": 14.5814847946167,
        "u_300": 13.008094787597656,
        "u_350": 11.297379493713379,
        "u_400": 9.764291763305664,
        "u_450": 8.323123931884766,
        "u_500": 7.078365325927734,
        "u_550": 5.9983601570129395,
        "u_600": 5.07614803314209,
        "u_650": 4.199227809906006,
        "u_700": 3.3268349170684814,
        "u_750": 2.5138094425201416,
        "u_775": 2.130990505218506,
        "u_800": 1.7512670755386353,
        "u_825": 1.4006503820419312,
        "u_850": 1.0875613689422607,
        "u_875": 0.7994959950447083,
        "u_900": 0.538402259349823,
        "u_925": 0.30564719438552856,
        "u_950": 0.09879948943853378,
        "u_975": -0.07328673452138901,
        "u_1000": -0.2623235583305359,
        "v_1": 0.7513518333435059,
        "v_2": 0.5240687131881714,
        "v_3": 0.10433916002511978,
        "v_5": -0.31722596287727356,
        "v_7": -0.13346685469150543,
        "v_10": 0.10226684808731079,
        "v_20": -0.00038361098268069327,
        "v_30": 0.10885605961084366,
        "v_50": 0.0838542953133583,
        "v_70": 0.19638098776340485,
        "v_100": -0.06464029103517532,
        "v_125": 0.22934043407440186,
        "v_150": 0.45399025082588196,
        "v_175": 0.39497387409210205,
        "v_200": 0.34994789958000183,
        "v_225": 0.3150685727596283,
        "v_250": 0.2654145061969757,
        "v_300": 0.1288953274488449,
        "v_350": 0.02575145661830902,
        "v_400": -0.015751492232084274,
        "v_450": -0.07036763429641724,
        "v_500": 0.022672617807984352,
        "v_550": 0.008047345094382763,
        "v_600": -0.020480381324887276,
        "v_650": -0.05137607082724571,
        "v_700": -0.10786246508359909,
        "v_750": -0.10547354817390442,
        "v_775": -0.11151314526796341,
        "v_800": -0.12620426714420319,
        "v_825": -0.15305884182453156,
        "v_850": -0.1842796951532364,
        "v_875": -0.2157650738954544,
        "v_900": -0.25011926889419556,
        "v_925": -0.2757520377635956,
        "v_950": -0.2878504991531372,
        "v_975": -0.3029167056083679,
        "v_1000": -0.3397469222545624,
        "vertical_velocity_1": -1.1267779882473405e-05,
        "vertical_velocity_2": -3.1077936000656337e-05,
        "vertical_velocity_3": -6.80500888847746e-05,
        "vertical_velocity_5": -7.099592039594427e-05,
        "vertical_velocity_7": -8.374711615033448e-05,
        "vertical_velocity_10": -8.450398308923468e-05,
        "vertical_velocity_20": -0.00016818074800539762,
        "vertical_velocity_30": -0.00017161124560516328,
        "vertical_velocity_50": -0.00016224941646214575,
        "vertical_velocity_70": 4.018461550003849e-05,
        "vertical_velocity_100": 0.00020974148355890065,
        "vertical_velocity_125": 0.00021816143998876214,
        "vertical_velocity_150": 0.0002166417398257181,